TB,method,CXR,noCXR,CXR.sd,noCXR.sd,TBS1Sa,TBS1Sb,TBS2Sa,TBS2Sb,TBS1Sa.sd,TBS1Sb.sd,TBS2Sa.sd,TBS2Sb.sd
TB,copulas,19.4214,11.3834,10.8173159088726,6.00972679259317,6.9401,29.4161,2.0726,,5.31984417668473,18.9502631126115,1.17527331575965,
TB,no correlation,19.5226,11.3997,10.8325723492793,5.93813658116801,6.9797,29.0255,2.08,,5.35934325883467,18.9386144388043,1.1817527888545,
not TB,copulas,12.7709,7.6952,9.16910139719499,4.57425287221136,2.9401,5.8966,0.9603,,3.26106967842528,5.19813529076054,0.834382124300932,
not TB,no correlation,12.697,7.5995,9.1522547700956,4.53885005987052,2.8884,5.8707,0.9606,,3.22406341415454,5.20368036479316,0.833136874532133,
