TB,method,CXR,noCXR,CXR.sd,noCXR.sd,TBS1Sa,TBS1Sb,TBS2Sa,TBS2Sb,TBS1Sa.sd,TBS1Sb.sd,TBS2Sa.sd,TBS2Sb.sd
TB,copulas,19.441,11.3171,11.1359202525874,7.28734918443007,6.8709,29.1624,2.0361,,6.13043158424763,19.3131904710904,1.45767255271103,
TB,no correlation,19.3754,11.2901,11.0148085521603,7.36210309940065,6.8709,29.0298,2.0361,,6.13043158424763,19.2972109434244,1.45767255271103,
not TB,copulas,12.7816,7.5813,9.32416191620158,5.16047026494054,2.9257,5.8926,0.9532,,3.44005274760295,5.42571737938018,0.918854824996279,
not TB,no correlation,12.8007,7.5555,9.28427699338667,5.18160251760641,2.9257,5.8198,0.9532,,3.44005274760295,5.18384173962884,0.918854824996279,
