TB,method,CXR,noCXR,CXR.sd,noCXR.sd,TBS1S,TBS2Sa,TBS2Sb,TBS1S.sd,TBS2Sa.sd,TBS2Sb.sd
TB,copulas,18.0179,10.1257,10.6004064286066,6.12567154646652,33.0166,20.8043,32.4721,21.6959811024899,14.09378107452,22.3331479764912
TB,no correlation,18.3284,10.1113,10.8494296832804,6.11011011803924,33.2548,20.784,32.7157,21.7285040844733,14.1177645230225,22.358351081784
not TB,copulas,11.8743,6.1734,9.12256661429026,4.85090564416139,7.3169,10.3011,6.0279,6.00468816992205,8.34825779015078,6.20525358927504
not TB,no correlation,11.8904,6.1958,9.16400489625436,4.84580339479989,7.2974,10.2473,6.0106,5.93400998376719,8.30080918063446,6.1125955225585
