TB,method,CXR,noCXR,CXR.sd,noCXR.sd,TBS1Sa,TBS1Sb,TBS2Sa,TBS2Sb,TBS1Sa.sd,TBS1Sb.sd,TBS2Sa.sd,TBS2Sb.sd
TB,copulas,19.5717,11.4867,10.8447415806922,5.99247979482694,6.9999,29.1505,2.0848,,5.30261367263127,18.9954292497758,1.18598044459489,
TB,no correlation,19.3858,11.2812,10.8151030973126,5.8880211819714,6.9692,28.9846,2.0605,,5.32013926022382,19.0896936717289,1.16300258275756,
not TB,copulas,12.7959,7.7202,9.13262194927431,4.5702735913805,2.939,5.942,0.9576,,3.28736363610228,5.29924940009625,0.833349678807592,
not TB,no correlation,12.9037,7.6991,9.27528055602305,4.59959507103416,2.937,5.9368,0.9513,,3.27250697939562,5.22445549828165,0.829455911854856,
