TB,method,TBS1S,TBS2Sa,TBS2Sb,TBS1S.sd,TBS2Sa.sd,TBS2Sb.sd
TB,copulas,33.0159,20.8112,32.4508,21.6231635823792,13.8614995104017,22.2975939874634
TB,no correlation,33.1291,20.838,32.5672,21.6372190938441,13.8025724812699,22.2653735393297
not TB,copulas,7.3377,10.3422,6.0279,6.051307341563,8.41304802658999,6.23976081685069
not TB,no correlation,7.3206,10.1295,5.9768,6.08918085232696,8.13222866527414,6.27247926737235
