TB,method,CXR,noCXR,CXR.sd,noCXR.sd
TB,copulas,18.5575,10.2511,10.8341419417119,6.18346766121015
TB,no correlation,18.5538,10.2381,10.8725492315592,6.15098299860965
not TB,copulas,11.891,6.171,9.28240999490603,4.76777014580363
not TB,no correlation,11.8685,6.1035,9.34959620758696,4.82438754885241
