TB,method,CXR,noCXR,CXR.sd,noCXR.sd,TBS1S,TBS2Sa,TBS2Sb,TBS1S.sd,TBS2Sa.sd,TBS2Sb.sd
TB,copulas,19.2698,11.4149,10.8262148811515,5.96128439861479,29.2457,37.1077,26.2184,19.0025114407045,21.6020639205277,16.9529124802836
TB,no correlation,19.4597,11.2844,10.7860284512408,5.88970164766857,29.0811,37.2316,26.0946,19.021969044256,21.8401616456031,16.9901770871214
not TB,copulas,12.6376,7.7276,9.10647895928517,4.58282647171448,5.8498,15.9667,5.1834,5.30119328312244,13.0499586685984,4.95174882457119
not TB,no correlation,12.7555,7.7096,9.16189466111558,4.62214282129253,5.8547,16.0792,5.1799,5.26854473895464,13.1941932695259,4.89929957275837
