TB,method,CXR,noCXR,CXR.sd,noCXR.sd,TBS1Sa,TBS1Sb,TBS2Sa,TBS2Sb,TBS1Sa.sd,TBS1Sb.sd,TBS2Sa.sd,TBS2Sb.sd
TB,copulas,19.5316,11.4296,10.910806845078,5.9967691271214,6.9604,29.2519,2.0834,,5.34440718029707,19.0840159913116,1.18793331401887,
TB,no correlation,19.3969,11.3261,10.7925445698329,5.88792200632407,7.0239,29.1828,2.0865,,5.36225737636837,19.2235516659608,1.18623710355333,
not TB,copulas,12.8132,7.6254,9.18132536366855,4.61103036208828,2.9425,5.9094,0.9645,,3.27463983922013,5.39024091388418,0.83756187890215,
not TB,no correlation,12.8347,7.6151,9.18004374882402,4.51802979730379,2.9507,5.8448,0.9501,,3.29856901788587,5.17578900643988,0.832393703681012,
