TB,method,CXR,noCXR,CXR.sd,noCXR.sd,TBS1S,TBS2Sa,TBS2Sb,TBS1S.sd,TBS2Sa.sd,TBS2Sb.sd
TB,copulas,18.7447,10.1124,10.9679419895051,6.15158113293188,29.1734,37.5436,26.1665,18.9555233013062,21.7878904499042,16.8896211822636
TB,no correlation,18.7279,10.2939,10.9825280870261,6.15344694304973,29.4696,37.5289,26.4299,19.1750891587086,21.9005051997163,17.1144201282904
not TB,copulas,11.7626,6.2762,9.15960867521688,4.87945637027804,5.8475,15.9692,5.181,5.3017029863484,13.0507656330332,4.95163517124262
not TB,no correlation,11.7953,6.2328,9.22326974453626,4.8252391084013,5.8803,16.0545,5.2053,5.17778455087555,13.0473350936237,4.81253238501266
