country,who.cost,who.DALYs,soc.cost,soc.DALYs,tbs1.cost,tbs1.DALYs,tbs2.cost,tbs2.DALYs,DC_TBS1,DC_TBS2,DC_WHO,DD_TBS1,DD_TBS2,DD_WHO,ICER_TBS1,ICER_TBS2,ICER_WHO
Cambodia,63.9120788707551,0.825096173606746,34.8348687295415,1.03194187364714,83.1283897892091,0.644501870248122,45.8818388820273,1.11169679224111,48.2935210596676,11.0469701524859,29.0772101412136,-0.38744000339902,0.0797549185939717,-0.206845700040396,124.647740646261,-138.511459195707,140.574399832991
Cameroon,71.0077357933011,0.773029214865983,39.5858481774668,0.965126314430852,93.9336745542384,0.603357677052903,52.2312942949326,1.04072745963566,54.3478263767717,12.6454461174659,31.4218876158344,-0.361768637377949,0.0756011452048131,-0.192097099564869,150.228131356763,-167.265272016816,163.572941429153
Côte d'Ivoire,99.0187458027136,0.758090992574408,50.4066117764713,0.95251751109644,111.289173348041,0.595459405761045,63.691404883943,1.027103786432,60.8825615715698,13.2847931074717,48.6121340262423,-0.357058105335395,0.0745862753355631,-0.194426518522032,170.511635674482,-178.113105228857,250.028310930917
Mozambique,85.9099356358048,0.800276986205905,43.2193199490584,0.990296494335918,101.462833319651,0.621053919439742,57.2740278579859,1.07125158501733,58.2435133705922,14.0547079089275,42.6906156867464,-0.369242574896176,0.0809550906814102,-0.190019508130014,157.737805254362,-173.611168743399,224.664383709156
Sierra Leone,81.2644660682256,0.750323454062064,41.6494719332868,0.934793284422949,97.8321410524479,0.58448321327023,54.9229703463284,1.00817102836512,56.1826691191611,13.2734984130416,39.6149941349388,-0.350310071152719,0.0733777439421725,-0.184469830360886,160.379828459651,-180.892702608875,214.750531604211
Uganda,64.3817337752388,0.807146368142969,35.1297729702553,0.997392158843143,88.2705996017562,0.624965272763751,48.7992509799932,1.07799825115493,53.1408266315009,13.6694780097378,29.2519608049835,-0.372426886079392,0.0806060923117841,-0.190245790700174,142.687943910077,-169.583683040536,153.75878066645
Zambia,84.3519931743672,0.804372391991081,45.2818131252505,1.00639443984726,104.972465189126,0.625100442943894,59.0469772609447,1.07823140525829,59.6906520638759,13.7651641356942,39.0701800491167,-0.381293996903367,0.0718369654110276,-0.20202204785618,156.547578898819,-191.616726248589,193.395624208952
