country,who.cost,who.DALYs,soc.cost,soc.DALYs,tbs1.cost,tbs1.DALYs,tbs2.cost,tbs2.DALYs,DC_TBS1,DC_TBS2,DC_WHO,DD_TBS1,DD_TBS2,DD_WHO,ICER_TBS1,ICER_TBS2,ICER_WHO
Cambodia,50.1793633988102,1.083200386469,25.2668825018555,1.29697484311747,83.0910411144036,0.651195378497655,45.7804174967379,1.11678984121189,57.8241586125481,20.5135349948824,24.9124808969547,-0.645779464619811,-0.18018500190558,-0.213774456648465,89.5416497125546,113.847072608362,116.536284491282
Cameroon,55.5276689324074,1.01195893604384,28.5603433143272,1.21417759150667,93.8941437397023,0.609623880108635,52.1009377706152,1.04549537473099,65.3338004253751,23.540594456288,26.9673256180802,-0.604553711398032,-0.168682216775677,-0.202218655462826,108.069472064427,139.555875576343,133.357259034084
Côte d'Ivoire,77.5215245864653,0.996539048284639,36.7457920784379,1.19828336428633,111.225309607559,0.601643580902678,63.5023386063757,1.03180928699553,74.4795175291212,26.7565465279378,40.7757325080273,-0.596639783383651,-0.166474077290798,-0.20174431600169,124.831631418767,160.725002735407,202.115892611745
Mozambique,67.431684513564,1.03728528636307,31.5179207325744,1.24978894075629,101.40545626413,0.627503907756417,57.1335887566013,1.07615934117943,69.8875355315559,25.6156680240269,35.9137637809895,-0.622285032999872,-0.173629599576858,-0.21250365439322,112.307916509974,147.530536765928,169.003040834932
Sierra Leone,63.3878843065862,0.979907571403128,30.4794668500814,1.17619522739959,97.7314585538716,0.590553394584416,54.7373053831378,1.01278979173137,67.2519917037901,24.2578385330563,32.9084174565047,-0.585641832815171,-0.163405435668219,-0.196287655996459,114.834678698601,148.451845765461,167.654034531333
Uganda,50.491672875257,1.0400778972154,25.4134817787134,1.25766002243652,88.2139620361242,0.631455882647176,48.683843807503,1.08293691601558,62.8004802574108,23.2703620287896,25.0781910965436,-0.626204139789342,-0.17472310642094,-0.217582125221119,100.287552040996,133.184227921904,115.258507890102
Zambia,66.1635649290452,1.03973906737897,32.8983379617198,1.25793203456135,104.92154068528,0.631592456644368,58.8928172721957,1.08317113827464,72.0232027235599,25.9944793104758,33.2652269673254,-0.626339577916981,-0.174760896286711,-0.218192967182378,114.990662035262,148.743110517295,152.457833068104
