who,soc,tbs1,tbs2,qty
0.46994,0.92487,0.74111,0.78508,Sp
0.93276,0.85481,0.92458,0.89812,Se
