who,soc,tbs1,tbs2,qty
0.49645,0.87221,0.7795,0.832,Sp
0.9182,0.25311,0.9252,0.85677,Se
