who,soc,tbs1,tbs2,qty
0.764490000000001,0.255000000000001,0.921310000000001,0.82003,Se
0.571540000000001,0.873529999999999,0.778839999999999,0.834970000000001,Sp
