who,soc,tbs1,tbs2,qty
0.44647,0.87487,0.68264,0.76752,Sp
0.92813,0.25405,0.93777,0.86866,Se
