who,soc,tbs1,tbs2,qty
0.76398,0.25588,0.92122,0.82008,Se
0.57192,0.87164,0.77919,0.83538,Sp
