who,soc,tbs1,tbs2,qty
0.4286,0.85592,0.72883,0.77379,Sp
0.94279,0.81809,0.93119,0.90542,Se
