who,soc,tbs1,tbs2,qty
0.44782,0.87288,0.68448,0.76944,Sp
0.92783,0.65104,0.93759,0.86827,Se
