who,soc,tbs1,tbs2,qty
0.42926,0.91441,0.73097,0.77607,Sp
0.94246,0.84989,0.93181,0.9065,Se
